frame,count
0,11
1,10
2,10
3,10
4,10
5,10
6,10
7,10
8,10
9,10
10,10
11,10
12,10
13,11
14,11
15,11
16,12
17,11
18,11
19,10
20,9
21,9
22,10
23,10
24,10
25,10
26,9
27,10
28,10
29,12
30,10
31,11
32,10
33,11
34,11
35,11
36,10
37,8
38,9
39,10
40,9
41,9
42,8
43,7
44,10
45,10
46,11
47,9
48,11
49,11
50,10
51,10
52,10
53,8
54,10
55,9
56,8
57,8
58,8
59,8
60,8
61,11
62,10
63,10
64,10
65,11
66,10
67,8
68,9
69,10
70,11
71,10
72,9
73,9
74,11
75,10
76,11
77,11
78,12
79,9
80,10
81,11
82,11
83,10
84,10
85,10
86,10
87,9
88,9
89,9
90,10
91,10
92,11
93,11
94,10
95,10
96,9
97,9
98,8
99,9
100,11
101,11
102,11
103,12
104,13
105,13
106,12
107,11
108,11
109,11
110,11
111,11
112,11
113,11
114,11
115,12
116,12
117,12
118,12
119,12
120,12
121,12
122,12
123,12
124,12
125,12
126,12
127,12
128,12
129,12
130,12
131,11
132,11
133,10
134,10
135,10
136,11
137,12
138,12
139,12
140,12
141,12
142,12
143,11
144,12
145,11
146,11
147,11
148,12
149,13
150,13
151,13
152,12
153,11
154,13
155,12
156,12
157,11
158,11
159,12
160,11
161,12
162,12
163,12
164,12
165,12
166,12
167,12
168,12
169,12
170,12
171,12
172,12
173,12
174,12
175,12
176,12
177,12
178,12
179,11
180,12
181,12
182,11
183,11
184,12
185,10
186,12
187,10
188,10
189,9
190,10
191,9
192,9
193,10
194,9
195,10
196,8
197,10
198,10
199,10
200,10
201,10
202,10
203,9
204,9
205,10
206,9
207,9
208,9
209,9
210,8
211,10
212,11
213,11
214,11
215,11
216,11
217,11
218,9
219,11
220,10
221,11
222,12
223,11
224,10
225,11
226,12
227,9
228,9
229,9
230,11
231,11
232,10
233,10
234,9
235,10
236,10
237,10
238,10
239,10
240,10
241,10
242,10
243,11
244,10
245,11
246,12
247,10
248,10
249,7
250,0
251,2
252,3
253,3
254,1
255,1
256,2
257,2
258,2
259,2
260,2
261,1
262,1
263,1
264,3
265,2
266,3
267,2
268,2
269,2
270,2
271,1
272,1
273,1
274,1
275,1
276,2
277,3
278,3
279,3
280,2
281,1
282,2
283,2
284,1
285,3
286,2
287,1
288,1
289,1
290,3
291,2
292,2
293,2
294,4
295,10
296,9
297,11
298,10
299,10
300,9
301,11
302,8
303,9
304,8
305,9
306,9
307,7
308,6
309,5
310,5
311,5
312,6
313,5
314,5
315,5
316,5
317,5
318,5
319,5
320,5
321,6
322,6
323,6
324,6
325,6
326,6
327,5
328,5
329,5
330,5
331,6
332,9
333,9
334,10
335,11
336,11
337,11
338,11
339,11
340,11
341,11
342,10
343,10
344,10
345,11
346,11
347,11
348,12
349,11
350,12
351,11
352,10
353,11
354,10
355,10
356,10
357,10
358,9
359,9
360,9
361,9
362,9
363,10
364,10
365,11
366,11
367,11
368,11
369,11
370,11
371,11
372,11
373,11
374,12
375,11
376,10
377,11
378,11
379,11
380,11
381,10
382,10
383,10
384,11
385,10
386,11
387,11
388,10
389,11
390,11
391,11
392,10
393,10
394,10
395,10
396,11
397,10
398,10
399,8
400,10
401,8
402,11
403,9
404,9
405,9
406,10
407,11
408,8
409,7
410,9
411,9
412,9
413,9
414,9
415,9
416,10
417,8
418,9
419,9
420,8
421,8
422,8
423,8
424,8
425,8
426,9
427,8
428,9
429,8
430,1
431,6
432,6
433,6
434,7
435,7
436,7
437,7
438,6
439,8
440,8
441,9
442,7
443,6
444,5
445,7
446,7
447,6
448,6
449,6
450,6
451,6
452,6
453,6
454,6
455,6
456,7
457,6
458,5
459,6
460,6
461,5
462,7
463,7
464,4
465,5
466,4
467,4
468,5
469,4
470,4
471,3
472,4
473,5
474,4
475,5
476,5
477,5
478,4
479,4
480,4
481,5
482,6
483,6
484,6
485,6
486,6
487,6
488,6
489,6
490,5
491,5
492,5
493,4
494,4
495,1
496,2
497,0
498,0
499,0
500,0
501,2
502,5
503,5
504,5
505,6
506,8
507,11
508,15
509,14
510,14
511,14
512,19
513,16
514,16
515,17
516,18
517,18
518,19
519,17
520,17
521,17
522,17
523,17
524,17
525,16
526,16
527,18
528,18
529,18
530,17
531,18
532,18
533,18
534,17
535,17
536,17
537,17
538,17
539,17
540,17
541,16
542,17
543,16
544,16
545,16
546,17
547,17
548,17
549,17
550,17
551,15
552,17
553,16
554,16
555,16
556,16
557,15
558,15
559,16
560,17
561,16
562,17
563,17
564,17
565,17
566,17
567,17
568,18
569,18
570,17
571,16
572,17
573,17
574,17
575,18
576,17
577,18
578,16
579,17
580,16
581,15
582,16
583,16
584,16
585,17
586,18
587,17
588,17
589,15
590,15
591,15
592,16
593,14
594,13
595,14
596,16
597,14
598,16
599,15
600,15
601,17
602,15
603,15
604,13
605,14
606,16
607,15
608,14
609,15
610,14
611,16
612,15
613,15
614,16
615,15
616,15
617,15
618,15
619,16
620,16
621,15
622,15
623,14
624,15
625,14
626,15
627,15
628,14
629,14
630,13
631,13
632,13
633,13
634,12
635,13
636,14
637,12
638,12
639,13
640,15
641,14
642,14
643,14
644,14
645,14
646,15
647,14
648,14
649,15
650,14
651,13
652,13
653,14
654,13
655,14
656,14
657,14
658,14
659,13
660,13
661,14
662,14
663,13
664,15
665,0
666,1
667,1
668,1
669,1
670,1
671,1
672,1
673,1
674,1
675,1
676,1
677,1
678,1
679,1
680,1
681,1
682,1
683,1
684,1
685,1
686,1
687,1
688,1
689,1
690,1
691,1
692,1
693,1
694,1
695,1
696,1
697,1
698,1
699,1
700,1
701,1
702,1
703,1
704,1
705,1
706,1
707,1
708,1
709,1
710,1
711,1
712,1
713,1
714,1
715,1
716,2
717,2
718,2
719,2
720,2
721,2
722,2
723,2
724,2
725,2
726,2
727,2
728,2
729,2
730,2
731,2
732,2
733,2
734,2
735,2
736,2
737,2
738,1
739,7
740,7
741,7
742,7
743,7
744,7
745,7
746,8
747,8
748,7
749,8
750,8
751,8
752,8
753,8
754,8
755,8
756,8
757,8
758,8
759,8
760,7
761,7
762,8
763,7
764,8
765,8
766,9
767,9
768,8
769,9
770,9
771,9
772,9
773,9
774,9
775,9
776,9
777,9
778,9
779,9
780,9
781,9
782,9
783,8
784,9
785,8
786,8
787,9
788,9
789,9
790,9
791,10
792,9
793,6
794,9
795,10
796,9
797,9
798,9
799,9
800,9
801,9
802,10
803,10
804,10
805,10
806,9
807,9
808,10
809,9
810,9
811,9
812,9
813,10
814,8
815,9
816,11
817,9
818,10
819,9
820,9
821,9
822,9
823,9
824,9
825,9
826,10
827,10
828,11
829,10
830,10
831,11
832,11
833,8
834,11
835,10
836,10
837,11
838,11
839,11
840,9
841,9
842,8
843,3
844,3
845,2
846,1
847,0
848,0
849,0
850,1
851,5
852,8
853,8
854,9
855,12
856,14
857,15
858,15
859,15
860,15
861,15
862,15
863,15
864,16
865,14
866,15
867,13
868,13
869,13
870,13
871,13
872,13
873,13
874,14
875,14
876,12
877,13
878,13
879,15
880,15
881,15
882,15
883,15
884,15
885,15
886,14
887,13
888,13
889,14
890,14
891,14
892,13
893,14
894,13
895,13
896,14
897,13
898,12
899,13
900,14
901,14
902,13
903,14
904,13
905,13
906,14
907,13
908,14
909,14
910,13
911,13
912,13
913,13
914,14
915,13
916,13
917,13
918,14
919,14
920,14
921,14
922,14
923,14
924,14
925,14
926,14
927,13
928,13
929,13
930,13
931,12
932,14
933,12
934,13
935,12
936,12
937,11
938,13
939,14
940,13
941,12
942,10
943,13
944,13
945,13
946,12
947,12
948,13
949,11
950,11
951,13
952,12
953,12
954,13
955,14
956,13
957,13
958,13
959,13
960,13
961,13
962,13
963,13
964,13
965,14
966,12
967,11
968,11
969,13
970,11
971,12
972,13
973,13
974,12
975,14
976,14
977,12
978,14
979,15
980,14
981,15
982,13
983,14
984,14
985,14
986,15
987,15
988,14
989,14
990,13
991,14
992,13
993,13
994,14
995,14
996,13
997,14
998,14
999,15
1000,15
1001,15
1002,14
1003,14
1004,14
1005,14
1006,14
1007,14
1008,14
1009,14
1010,11
1011,12
1012,12
1013,14
1014,14
1015,14
1016,14
1017,13
1018,14
1019,14
1020,14
1021,14
1022,13
1023,13
1024,14
1025,15
1026,14
1027,14
1028,13
1029,12
1030,14
1031,12
1032,12
1033,11
1034,14
1035,12
1036,12
1037,12
1038,12
1039,10
1040,9
1041,12
1042,10
1043,10
1044,10
1045,10
1046,9
1047,9
1048,9
1049,10
1050,10
1051,11
1052,11
1053,11
1054,12
1055,12
1056,13
1057,0
1058,5
1059,6
1060,7
1061,6
1062,6
1063,6
1064,5
1065,6
1066,6
1067,5
1068,6
1069,6
1070,5
1071,5
1072,5
1073,5
1074,4
1075,2
1076,2
1077,2
1078,5
1079,4
1080,2
1081,2
1082,3
1083,2
1084,3
1085,3
1086,4
1087,4
1088,4
1089,3
1090,3
1091,4
1092,3
1093,14
1094,11
1095,11
1096,12
1097,12
1098,12
1099,14
1100,13
1101,13
1102,13
1103,14
1104,15
1105,15
1106,16
1107,15
1108,14
1109,15
1110,15
1111,16
1112,16
1113,15
1114,11
1115,13
1116,12
1117,12
1118,10
1119,10
1120,13
1121,12
1122,11
1123,11
1124,11
1125,9
1126,10
1127,13
1128,10
1129,10
1130,9
1131,8
1132,10
1133,9
1134,10
1135,11
1136,11
1137,11
1138,12
1139,10
1140,10
1141,11
1142,12
1143,12
1144,13
1145,12
1146,13
1147,12
1148,12
1149,12
1150,11
1151,8
1152,7
1153,4
1154,1
1155,0
1156,0
1157,1
1158,0
1159,0
1160,0
1161,1
1162,0
1163,0
1164,0
1165,0
1166,0
1167,0
1168,0
1169,0
1170,0
1171,0
1172,0
1173,0
1174,1
1175,1
1176,1
1177,1
1178,1
1179,2
1180,1
1181,2
1182,3
1183,5
1184,3
1185,5
1186,7
1187,7
1188,7
1189,8
1190,8
1191,9
1192,11
1193,11
1194,10
1195,11
1196,11
1197,12
1198,11
1199,10
1200,11
1201,9
1202,9
1203,9
1204,8
1205,7
1206,7
1207,4
1208,2
1209,0
1210,0
1211,0
1212,0
1213,0
1214,0
1215,0
1216,0
1217,0
1218,0
1219,1
1220,2
1221,3
1222,3
1223,4
1224,3
1225,3
1226,3
1227,2
1228,0
1229,0
1230,0
1231,1
1232,2
1233,1
1234,2
1235,3
1236,3
1237,3
1238,5
1239,5
1240,5
1241,5
1242,6
1243,6
1244,6
1245,5
1246,6
1247,6
1248,7
1249,8
1250,9
1251,9
1252,10
1253,10
1254,10
1255,10
1256,9
1257,9
1258,2
1259,12
1260,13
1261,13
1262,13
1263,13
1264,13
1265,13
1266,13
1267,13
1268,13
1269,13
1270,13
1271,13
1272,14
1273,14
1274,12
1275,12
1276,12
1277,12
1278,12
1279,12
1280,12
1281,13
1282,13
1283,13
1284,13
1285,13
1286,11
1287,13
1288,11
1289,11
1290,11
1291,12
1292,11
1293,11
1294,12
1295,12
1296,13
1297,12
1298,12
1299,12
1300,12
1301,12
1302,13
1303,12
1304,13
1305,13
1306,13
1307,14
1308,14
1309,14
1310,14
1311,13
1312,13
1313,13
1314,14
1315,13
1316,13
1317,14
1318,14
1319,14
1320,13
1321,13
1322,14
1323,12
1324,14
1325,12
1326,12
1327,12
1328,12
1329,11
1330,11
1331,12
1332,13
1333,13
1334,12
1335,12
1336,13
1337,13
1338,13
1339,13
1340,13
1341,14
1342,13
1343,13
1344,12
1345,13
1346,13
1347,13
1348,14
1349,14
1350,14
1351,13
1352,15
1353,14
1354,15
1355,15
1356,15
1357,15
1358,13
1359,13
1360,13
1361,13
1362,11
1363,12
1364,12
1365,12
1366,12
1367,10
1368,10
1369,11
1370,12
1371,10
1372,12
1373,12
1374,12
1375,13
1376,13
1377,12
1378,14
1379,12
1380,13
1381,14
1382,12
1383,13
1384,12
1385,10
1386,12
1387,13
1388,11
1389,11
1390,10
1391,10
1392,12
1393,13
1394,13
1395,13
1396,14
1397,13
1398,12
1399,12
1400,11
1401,13
1402,12
1403,11
1404,10
1405,11
1406,11
1407,12
1408,12
1409,10
1410,11
1411,11
1412,9
1413,8
1414,10
1415,9
1416,9
1417,8
1418,9
1419,7
1420,7
1421,5
1422,7
1423,8
1424,8
1425,8
1426,11
1427,11
1428,10
1429,12
1430,11
1431,12
1432,12
1433,11
1434,12
1435,14
1436,12
1437,10
1438,11
1439,10
1440,10
1441,9
1442,9
1443,8
1444,7
1445,8
1446,7
1447,8
1448,5
1449,0
1450,2
1451,2
1452,2
1453,1
1454,1
1455,1
1456,1
1457,1
1458,2
1459,2
1460,2
1461,2
1462,2
1463,2
1464,2
1465,2
1466,2
1467,2
1468,2
1469,2
1470,2
1471,2
1472,2
1473,2
1474,2
1475,2
1476,2
1477,2
1478,2
1479,2
1480,3
1481,3
1482,3
1483,3
1484,3
1485,3
1486,3
1487,2
1488,1
1489,3
1490,3
1491,3
1492,3
1493,3
1494,3
1495,3
1496,3
1497,3
1498,3
1499,3
1500,3
1501,3
1502,3
1503,3
1504,3
1505,3
1506,3
1507,4
1508,4
1509,4
1510,5
1511,4
1512,6
1513,6
1514,3
1515,4
1516,4
1517,4
1518,4
1519,5
1520,4
1521,5
1522,6
1523,5
1524,4
1525,4
1526,3
1527,2
1528,3
1529,4
1530,3
1531,2
1532,3
1533,3
1534,3
1535,4
1536,6
1537,6
1538,6
1539,7
1540,5
1541,8
1542,7
1543,5
1544,6
1545,5
1546,3
1547,2
1548,2
1549,3
1550,4
1551,6
1552,5
1553,5
1554,7
1555,7
1556,11
1557,9
1558,10
1559,11
1560,10
1561,10
1562,10
1563,10
1564,10
1565,8
1566,10
1567,6
1568,3
1569,6
1570,4
1571,4
1572,4
1573,5
1574,4
1575,4
1576,5
1577,6
1578,6
1579,6
1580,5
1581,3
1582,3
1583,3
1584,3
1585,4
1586,4
1587,3
1588,2
1589,2
1590,3
1591,3
1592,1
1593,1
1594,1
1595,0
1596,0
1597,0
1598,0
1599,0
1600,0
1601,1
1602,3
1603,3
1604,5
1605,9
1606,10
1607,9
1608,9
1609,9
1610,9
1611,9
1612,9
1613,8
1614,8
1615,6
1616,9
1617,8
1618,8
1619,8
1620,7
1621,9
1622,9
1623,9
1624,6
1625,8
1626,9
1627,9
1628,8
1629,9
1630,9
1631,8
1632,8
1633,8
1634,7
1635,8
1636,8
1637,9
1638,8
1639,8
1640,8
1641,8
1642,8
1643,7
1644,0
1645,2
1646,2
1647,2
1648,3
1649,2
1650,2
1651,3
1652,3
1653,3
1654,3
1655,3
1656,3
1657,2
1658,2
1659,2
1660,2
1661,2
1662,2
1663,2
1664,3
1665,4
1666,4
1667,4
1668,4
1669,4
1670,4
1671,3
1672,3
1673,3
1674,3
1675,4
1676,4
1677,4
1678,5
1679,5
1680,5
1681,5
1682,5
1683,5
1684,5
1685,5
1686,5
1687,6
1688,6
1689,6
1690,6
1691,6
1692,6
1693,6
1694,7
1695,7
1696,7
1697,7
1698,7
1699,1
1700,8
1701,9
1702,9
1703,9
1704,10
1705,11
1706,11
1707,10
1708,10
1709,9
1710,10
1711,11
1712,11
1713,11
1714,11
1715,11
1716,10
1717,9
1718,10
1719,9
1720,10
1721,10
1722,10
1723,10
1724,9
1725,11
1726,11
1727,11
1728,13
1729,11
1730,11
1731,10
1732,10
1733,12
1734,12
1735,12
1736,11
1737,10
1738,12
1739,10
1740,11
1741,11
1742,11
1743,12
1744,12
1745,13
1746,12
1747,12
1748,12
1749,12
1750,12
1751,11
1752,12
1753,12
1754,11
1755,11
1756,12
1757,11
1758,13
1759,12
1760,13
1761,13
1762,12
1763,13
1764,12
1765,12
1766,12
1767,11
1768,11
1769,11
1770,12
1771,13
1772,12
1773,13
1774,11
1775,12
1776,12
1777,11
1778,12
1779,9
1780,12
1781,11
1782,11
1783,11
1784,11
1785,12
1786,9
1787,8
1788,7
1789,8
1790,9
1791,9
1792,10
1793,10
1794,9
1795,9
1796,9
1797,8
1798,9
1799,10
1800,8
1801,8
1802,7
1803,8
1804,9
1805,7
1806,0
1807,1
1808,1
1809,1
1810,2
1811,2
1812,2
1813,2
1814,2
1815,2
1816,2
1817,1
1818,1
1819,1
1820,1
1821,2
1822,2
1823,2
1824,2
1825,2
1826,1
1827,1
1828,1
1829,1
1830,1
1831,1
1832,1
1833,1
1834,1
1835,1
1836,1
1837,1
1838,1
1839,1
1840,1
1841,1
1842,1
1843,2
1844,2
1845,2
1846,2
1847,2
1848,1
1849,2
1850,2
1851,2
1852,2
1853,2
1854,2
1855,2
1856,2
1857,2
1858,2
1859,2
1860,2
1861,2
1862,2
1863,1
1864,1
1865,1
1866,1
1867,1
1868,1
1869,1
1870,1
1871,1
1872,1
1873,0
1874,6
1875,6
1876,6
1877,6
1878,6
1879,6
1880,6
1881,6
1882,7
1883,7
1884,7
1885,7
1886,7
1887,7
1888,7
1889,7
1890,8
1891,8
1892,9
1893,9
1894,8
1895,8
1896,8
1897,8
1898,8
1899,8
1900,8
1901,8
1902,8
1903,8
1904,8
1905,8
1906,9
1907,9
1908,9
1909,9
1910,9
1911,10
1912,9
1913,10
1914,9
1915,10
1916,10
1917,10
1918,9
1919,9
1920,9
1921,9
1922,9
1923,9
1924,9
1925,9
1926,9
1927,9
1928,9
1929,9
1930,9
1931,9
1932,9
1933,9
1934,8
1935,8
1936,9
1937,7
1938,7
1939,7
1940,7
1941,7
1942,6
1943,7
1944,7
1945,7
1946,7
1947,6
1948,6
1949,6
1950,8
1951,8
1952,8
1953,8
1954,8
1955,8
1956,8
1957,8
1958,8
1959,8
1960,8
1961,8
1962,8
1963,8
1964,8
1965,8
1966,8
1967,8
1968,7
1969,7
1970,7
1971,7
1972,7
1973,7
1974,7
1975,7
1976,7
1977,7
1978,6
1979,4
1980,4
1981,3
1982,2
1983,1
1984,1
1985,0
1986,0
1987,2
1988,4
1989,5
1990,4
1991,3
1992,4
1993,5
1994,5
1995,6
1996,4
1997,3
1998,6
1999,7
2000,6
2001,6
2002,5
2003,4
2004,4
2005,4
2006,4
2007,6
2008,5
2009,5
2010,5
2011,4
2012,5
2013,4
2014,4
2015,3
2016,2
2017,0
2018,8
2019,8
2020,8
2021,8
2022,8
2023,10
2024,9
2025,9
2026,10
2027,9
2028,9
2029,9
2030,9
2031,8
2032,8
2033,9
2034,7
2035,8
2036,9
2037,9
2038,10
2039,11
2040,10
2041,10
2042,9
2043,10
2044,9
2045,8
2046,8
2047,8
2048,8
2049,8
2050,8
2051,7
2052,8
2053,8
2054,8
2055,8
2056,8
2057,8
2058,8
2059,8
2060,9
2061,8
2062,10
2063,10
2064,10
2065,10
2066,9
2067,10
2068,11
2069,10
2070,10
2071,11
2072,10
2073,9
2074,10
2075,10
2076,10
2077,11
2078,11
2079,12
2080,13
2081,12
2082,11
2083,10
2084,10
2085,10
2086,10
2087,11
2088,10
2089,10
2090,8
2091,10
2092,10
2093,10
2094,9
2095,10
2096,8
2097,9
2098,9
2099,9
2100,8
2101,9
2102,9
2103,10
2104,11
2105,11
2106,10
2107,9
2108,10
2109,10
2110,9
2111,8
2112,12
2113,9
2114,9
2115,9
2116,8
2117,9
2118,7
2119,8
2120,8
2121,7
2122,6
2123,6
2124,7
2125,8
2126,6
2127,5
2128,7
2129,10
2130,8
2131,8
2132,9
2133,10
2134,9
2135,8
2136,6
2137,7
2138,8
2139,10
2140,8
2141,9
2142,8
2143,9
2144,9
2145,9
2146,9
2147,9
2148,10
2149,11
2150,10
2151,11
2152,11
2153,10
2154,11
2155,11
2156,11
2157,9
2158,10
2159,10
2160,10
2161,11
2162,11
2163,12
2164,12
2165,10
2166,10
2167,11
2168,12
2169,10
2170,11
2171,10
2172,11
2173,9
2174,9
2175,9
2176,9
2177,11
2178,12
2179,14
2180,15
2181,15
2182,14
2183,13
2184,13
2185,14
2186,14
2187,13
2188,15
2189,16
2190,18
2191,15
2192,15
2193,14
2194,14
2195,12
2196,11
2197,12
2198,12
2199,12
2200,13
2201,12
2202,12
2203,12
2204,12
2205,13
2206,13
2207,13
2208,13
2209,13
2210,14
2211,13
2212,12
2213,13
2214,14
2215,14
2216,12
2217,10
2218,1
2219,1
2220,1
2221,1
2222,2
2223,2
2224,2
2225,2
2226,1
2227,1
2228,1
2229,1
2230,1
2231,2
2232,2
2233,2
2234,1
2235,1
2236,1
2237,1
2238,1
2239,1
2240,1
2241,1
2242,1
2243,1
2244,1
2245,1
2246,1
2247,1
2248,1
2249,1
2250,1
2251,1
2252,1
2253,1
2254,1
2255,1
2256,1
2257,1
2258,1
2259,1
2260,1
2261,1
2262,1
2263,1
2264,1
2265,1
2266,1
2267,1
2268,1
2269,1
2270,1
2271,1
2272,1
2273,1
2274,1
2275,4
2276,4
2277,4
2278,4
2279,4
2280,5
2281,5
2282,5
2283,4
2284,5
2285,6
2286,6
2287,5
2288,6
2289,6
2290,4
2291,4
2292,4
2293,5
2294,5
2295,5
2296,6
2297,6
2298,6
2299,5
2300,4
2301,5
2302,5
2303,4
2304,4
2305,3
2306,1
2307,1
2308,3
2309,3
2310,4
2311,4
2312,5
2313,5
2314,7
2315,9
2316,9
2317,7
2318,7
2319,7
2320,8
2321,8
2322,9
2323,9
2324,7
2325,6
2326,5
2327,7
2328,6
2329,6
2330,4
2331,4
2332,4
2333,5
2334,7
2335,7
2336,7
2337,6
2338,6
2339,7
2340,6
2341,6
2342,1
2343,5
2344,5
2345,5
2346,5
2347,4
2348,4
2349,4
2350,4
2351,4
2352,4
2353,4
2354,4
2355,5
2356,5
2357,5
2358,5
2359,6
2360,5
2361,6
2362,6
2363,5
2364,5
2365,5
2366,6
2367,6
2368,5
2369,5
2370,6
2371,4
2372,5
2373,6
2374,6
2375,6
2376,6
2377,6
2378,7
2379,6
2380,6
2381,6
2382,4
2383,3
2384,3
2385,3
2386,2
2387,2
2388,3
2389,3
2390,3
2391,3
2392,3
2393,2
2394,3
2395,3
2396,3
2397,3
2398,3
2399,3
2400,3
2401,3
2402,3
2403,2
2404,1
2405,1
2406,2
2407,1
2408,1
2409,0
2410,0
2411,0
2412,0
2413,0
2414,0
2415,0
2416,0
2417,0
2418,0
2419,2
2420,1
2421,1
2422,1
2423,1
2424,1
2425,1
2426,1
2427,1
2428,2
2429,2
2430,3
2431,3
2432,3
2433,3
2434,3
2435,3
2436,4
2437,4
2438,3
2439,3
2440,4
2441,4
2442,3
2443,2
2444,1
2445,1
2446,1
2447,0
2448,0
2449,0
2450,0
2451,0
2452,0
2453,2
2454,4
2455,5
2456,6
2457,6
2458,7
2459,5
2460,6
2461,7
2462,6
2463,6
2464,7
2465,7
2466,7
2467,6
2468,6
2469,6
2470,6
2471,5
2472,7
2473,7
2474,8
2475,9
2476,7
2477,6
2478,7
2479,6
2480,8
2481,8
2482,8
2483,7
2484,7
2485,8
2486,7
2487,8
2488,8
2489,9
2490,9
2491,8
2492,9
2493,9
2494,9
2495,8
2496,10
2497,10
2498,10
2499,9
2500,9
2501,9
2502,8
2503,9
2504,10
2505,10
2506,10
2507,11
2508,11
2509,10
2510,11
2511,11
2512,11
2513,10
2514,12
2515,11
2516,11
2517,11
2518,11
2519,12
2520,12
2521,13
2522,12
2523,12
2524,10
2525,11
2526,12
2527,11
2528,12
2529,12
2530,11
2531,13
2532,11
2533,12
2534,10
2535,10
2536,9
2537,10
2538,10
2539,9
2540,9
2541,10
2542,9
2543,9
2544,10
2545,9
2546,11
2547,9
2548,10
2549,9
2550,11
2551,10
2552,8
2553,8
2554,7
2555,8
2556,10
2557,11
2558,11
2559,12
2560,11
2561,9
2562,10
2563,10
2564,10
2565,9
2566,10
2567,10
2568,10
2569,11
2570,11
2571,11
2572,11
2573,10
2574,11
2575,11
2576,10
2577,9
2578,9
2579,9
2580,9
2581,9
2582,10
2583,10
2584,10
2585,8
2586,10
2587,9
2588,9
2589,8
2590,8
2591,9
2592,8
2593,7
2594,7
2595,8
2596,7
2597,7
2598,8
2599,7
2600,8
2601,7
2602,7
2603,8
2604,9
2605,7
2606,9
2607,7
2608,6
2609,6
2610,6
2611,7
2612,8
2613,8
2614,9
2615,8
2616,7
2617,6
2618,7
2619,7
2620,6
2621,6
2622,0
2623,2
2624,2
2625,1
2626,1
2627,1
2628,0
2629,1
2630,1
2631,1
2632,2
2633,2
2634,2
2635,1
2636,1
2637,1
2638,1
2639,1
2640,1
2641,1
2642,1
2643,2
2644,2
2645,2
2646,2
2647,2
2648,2
2649,2
2650,3
2651,3
2652,3
2653,3
2654,3
2655,3
2656,1
2657,1
2658,3
2659,2
2660,2
2661,2
2662,2
2663,2
2664,3
2665,3
2666,3
2667,3
2668,3
2669,1
2670,2
2671,2
2672,2
2673,2
2674,2
2675,2
2676,2
2677,2
2678,2
2679,2
2680,2
2681,2
2682,2
2683,2
2684,2
2685,2
2686,1
2687,0
2688,8
2689,8
2690,7
2691,9
2692,9
2693,8
2694,9
2695,9
2696,5
2697,8
2698,4
2699,5
2700,6
2701,6
2702,6
2703,6
2704,6
2705,7
2706,8
2707,7
2708,9
2709,10
2710,9
2711,8
2712,7
2713,7
2714,5
2715,7
2716,6
2717,7
2718,6
2719,7
2720,6
2721,6
2722,6
2723,5
2724,6
2725,6
2726,5
2727,7
2728,7
2729,7
2730,6
2731,6
2732,7
2733,6
2734,8
2735,7
2736,7
2737,6
2738,6
2739,8
2740,7
2741,7
2742,7
2743,7
2744,7
2745,8
2746,7
2747,9
2748,6
2749,7
2750,8
2751,9
2752,8
2753,9
2754,9
2755,9
2756,8
2757,9
2758,9
2759,9
2760,8
2761,9
2762,8
2763,8
2764,8
2765,8
2766,9
2767,9
2768,8
2769,7
2770,7
2771,9
2772,8
2773,9
2774,8
2775,8
2776,9
2777,7
2778,7
2779,7
2780,6
2781,6
2782,7
2783,6
2784,8
2785,7
2786,7
2787,7
2788,8
2789,7
2790,6
2791,5
2792,6
2793,6
2794,7
2795,7
2796,6
2797,7
2798,6
2799,5
2800,1
2801,7
2802,5
2803,7
2804,8
2805,7
2806,7
2807,7
2808,6
2809,8
2810,8
2811,8
2812,7
2813,7
2814,5
2815,5
2816,7
2817,10
2818,10
2819,9
2820,9
2821,6
2822,7
2823,8
2824,7
2825,6
2826,6
2827,6
2828,5
2829,5
2830,4
2831,4
2832,3
2833,3
2834,3
2835,3
2836,3
2837,3
2838,3
2839,3
2840,3
2841,5
2842,6
2843,5
2844,6
2845,6
2846,5
2847,5
2848,6
2849,7
2850,7
2851,8
2852,9
2853,10
2854,9
2855,10
2856,10
2857,9
2858,11
2859,10
2860,10
2861,10
2862,8
2863,9
2864,8
2865,9
2866,10
2867,8
2868,8
2869,6
2870,8
2871,6
2872,5
2873,4
2874,4
2875,6
2876,5
2877,5
2878,6
2879,7
2880,7
2881,7
2882,6
2883,7
2884,8
2885,8
2886,8
2887,7
2888,8
2889,8
2890,8
2891,7
2892,5
2893,6
2894,6
2895,5
2896,5
2897,5
2898,7
2899,6
2900,3
2901,2
2902,4
2903,1
2904,2
2905,1
2906,1
2907,0
2908,0
2909,1
2910,2
2911,5
2912,7
2913,9
2914,10
2915,13
2916,14
2917,15
2918,15
2919,15
2920,15
2921,14
2922,14
2923,13
2924,14
2925,14
2926,14
2927,15
2928,15
2929,15
2930,14
2931,15
2932,15
2933,15
2934,15
2935,15
2936,15
2937,13
2938,14
2939,15
2940,15
2941,15
2942,16
2943,16
2944,16
2945,15
2946,14
2947,12
2948,12
2949,13
2950,14
2951,14
2952,14
2953,14
2954,13
2955,13
2956,13
2957,13
2958,13
2959,13
2960,14
2961,14
2962,14
2963,14
2964,14
2965,14
2966,14
2967,14
2968,14
2969,14
2970,14
2971,14
2972,14
2973,14
2974,14
2975,14
2976,14
2977,14
2978,14
2979,14
2980,14
2981,14
2982,14
2983,13
2984,14
2985,14
2986,14
2987,14
2988,13
2989,13
2990,14
2991,14
2992,14
2993,14
2994,14
2995,14
2996,14
2997,14
2998,13
2999,13
3000,13
3001,13
3002,13
3003,13
3004,14
3005,14
3006,13
3007,13
3008,12
3009,12
3010,13
3011,13
3012,13
3013,12
3014,13
3015,13
3016,14
3017,13
3018,15
3019,15
3020,16
3021,14
3022,14
3023,15
3024,13
3025,14
3026,14
3027,13
3028,16
3029,15
3030,15
3031,13
3032,14
3033,14
3034,13
3035,13
3036,13
3037,14
3038,14
3039,14
3040,13
3041,13
3042,13
3043,13
3044,13
3045,13
3046,12
3047,13
3048,12
3049,13
3050,13
3051,13
3052,13
3053,13
3054,13
3055,12
3056,12
3057,12
3058,13
3059,13
3060,12
3061,13
3062,13
3063,13
3064,13
3065,12
3066,14
3067,15
3068,13
3069,12
3070,14
3071,14
3072,12
3073,12
3074,11
3075,9
3076,10
3077,12
3078,13
3079,12
3080,12
3081,11
3082,11
3083,11
3084,11
3085,10
3086,10
3087,9
3088,10
3089,9
3090,10
3091,8
3092,10
3093,8
3094,8
3095,7
3096,8
3097,9
3098,8
3099,9
3100,10
3101,8
3102,9
3103,9
3104,10
3105,10
3106,10
3107,9
3108,8
3109,8
3110,9
3111,9
3112,8
3113,7
3114,8
3115,6
3116,6
3117,6
3118,7
3119,8
3120,8
3121,8
3122,7
3123,7
3124,6
3125,8
3126,7
3127,9
3128,1
3129,9
3130,8
3131,7
3132,7
3133,7
3134,7
3135,7
3136,7
3137,5
3138,6
3139,5
3140,4
3141,4
3142,5
3143,6
3144,6
3145,6
3146,5
3147,4
3148,4
3149,3
3150,4
3151,4
3152,4
3153,4
3154,4
3155,4
3156,5
3157,4
3158,4
3159,7
3160,6
3161,3
3162,4
3163,7
3164,3
3165,4
3166,5
3167,7
3168,6
3169,6
3170,6
3171,7
3172,6
3173,5
3174,6
3175,6
3176,6
3177,5
3178,5
3179,5
3180,5
3181,6
3182,6
3183,5
3184,4
3185,5
3186,6
3187,6
3188,8
3189,8
3190,8
3191,8
3192,8
3193,5
3194,7
3195,4
3196,5
3197,5
3198,4
3199,4
3200,3
3201,4
3202,3
3203,3
3204,3
3205,1
3206,9
3207,9
3208,9
3209,8
3210,7
3211,8
3212,7
3213,7
3214,6
3215,7
3216,7
3217,7
3218,7
3219,8
3220,8
3221,8
3222,7
3223,8
3224,7
3225,7
3226,6
3227,6
3228,5
3229,7
3230,6
3231,6
3232,7
3233,7
3234,7
3235,7
3236,7
3237,7
3238,7
3239,6
3240,6
3241,6
3242,6
3243,7
3244,7
3245,7
3246,8
3247,8
3248,8
3249,8
3250,8
3251,7
3252,8
3253,9
3254,9
3255,8
3256,8
3257,8
3258,7
3259,9
3260,9
3261,9
3262,9
3263,9
3264,9
3265,9
3266,8
3267,8
3268,8
3269,8
3270,8
3271,9
3272,9
3273,8
3274,9
3275,9
3276,9
3277,7
3278,8
3279,8
3280,9
3281,8
3282,8
3283,8
3284,7
3285,6
3286,6
3287,5
3288,6
3289,4
3290,3
3291,2
3292,2
3293,2
3294,2
3295,2
3296,2
3297,3
3298,7
3299,7
3300,5
3301,6
3302,3
3303,4
3304,5
3305,4
3306,4
3307,4
3308,4
3309,4
3310,4
3311,5
3312,3
3313,4
3314,2
3315,3
3316,2
3317,3
3318,4
3319,3
3320,4
3321,4
3322,4
3323,4
3324,4
3325,4
3326,4
3327,4
3328,4
3329,4
3330,3
3331,2
3332,2
3333,1
3334,1
3335,1
3336,0
3337,0
3338,0
3339,0
3340,0
3341,1
3342,3
3343,3
3344,5
3345,8
3346,10
3347,10
3348,10
3349,10
3350,9
3351,9
3352,9
3353,11
3354,9
3355,10
3356,10
3357,11
3358,10
3359,8
3360,8
3361,9
3362,9
3363,8
3364,7
3365,8
3366,9
3367,5
3368,6
3369,6
3370,8
3371,6
3372,7
3373,5
3374,5
3375,5
3376,5
3377,6
3378,5
3379,4
3380,4
3381,5
3382,6
3383,7
3384,6
3385,5
3386,6
3387,6
3388,4
3389,5
3390,6
3391,7
3392,6
3393,6
3394,6
3395,5
3396,6
3397,6
3398,6
3399,7
3400,6
3401,9
3402,7
3403,7
3404,6
3405,9
3406,8
3407,8
3408,8
3409,6
3410,4
3411,7
3412,7
3413,8
3414,8
3415,9
3416,8
3417,8
3418,6
3419,8
3420,7
3421,6
3422,6
3423,6
3424,6
3425,6
3426,7
3427,7
3428,7
3429,5
3430,6
3431,6
3432,6
3433,5
3434,7
3435,7
3436,8
3437,7
3438,7
3439,8
3440,9
3441,9
3442,9
3443,9
3444,9
3445,9
3446,8
3447,9
3448,10
3449,10
3450,9
3451,9
3452,6
3453,7
3454,8
3455,8
3456,8
3457,7
3458,8
3459,8
3460,7
3461,8
3462,9
3463,9
3464,9
3465,12
3466,12
3467,12
3468,12
3469,13
3470,12
3471,11
3472,11
3473,10
3474,12
3475,12
3476,10
3477,10
3478,10
3479,9
3480,8
3481,8
3482,8
3483,8
3484,8
3485,9
3486,9
3487,9
3488,9
3489,10
3490,9
3491,9
3492,10
3493,11
3494,9
3495,8
3496,8
3497,8
3498,8
3499,8
3500,0
3501,1
3502,1
3503,1
3504,1
3505,1
3506,1
3507,1
3508,1
3509,1
3510,1
3511,1
3512,1
3513,1
3514,1
3515,1
3516,1
3517,2
3518,2
3519,1
3520,1
3521,2
3522,2
3523,2
3524,2
3525,2
3526,2
3527,1
3528,1
3529,1
3530,1
3531,1
3532,1
3533,1
3534,1
3535,2
3536,2
3537,2
3538,2
3539,2
3540,1
3541,1
3542,1
3543,1
3544,1
3545,2
3546,2
3547,2
3548,2
3549,1
3550,2
3551,1
3552,1
3553,1
3554,1
3555,1
3556,1
3557,1
3558,1
3559,1
3560,1
3561,1
3562,1
3563,1
3564,1
3565,1
3566,1
3567,1
3568,1
3569,1
3570,1
3571,1
3572,1
3573,1
3574,1
3575,1
3576,1
3577,1
3578,1
3579,1
3580,1
3581,1
3582,1
3583,1
3584,1
3585,1
3586,1
3587,2
3588,2
3589,2
3590,2
3591,2
3592,2
3593,2
3594,1
3595,2
3596,2
3597,2
3598,4
3599,5
3600,5
3601,7
3602,6
3603,5
3604,5
3605,6
3606,4
3607,5
3608,4
3609,4
3610,4
3611,4
3612,4
3613,4
3614,6
3615,6
3616,5
3617,5
3618,5
3619,4
3620,4
3621,4
3622,4
3623,4
3624,3
3625,4
3626,4
3627,4
3628,4
3629,3
3630,3
3631,4
3632,4
3633,5
3634,3
3635,2
3636,3
3637,3
3638,2
3639,4
3640,4
3641,5
3642,5
3643,5
3644,6
3645,6
3646,6
3647,7
3648,7
3649,7
3650,7
3651,6
3652,5
3653,5
3654,3
3655,3
3656,1
3657,3
3658,2
3659,2
3660,5
3661,5
3662,5
3663,6
3664,6
3665,5
3666,5
3667,5
3668,5
3669,5
3670,5
3671,5
3672,4
3673,5
3674,4
3675,4
3676,4
3677,4
3678,4
3679,3
3680,4
3681,4
3682,4
3683,3
3684,3
3685,4
3686,3
3687,1
3688,1
3689,2
3690,1
3691,2
3692,1
3693,1
3694,1
3695,1
3696,1
3697,1
3698,1
3699,1
3700,1
3701,1
3702,1
3703,2
3704,2
3705,1
3706,0
3707,0
3708,1
3709,2
3710,1
3711,2
3712,1
3713,0
3714,1
3715,0
3716,0
3717,1
3718,0
3719,1
3720,0
3721,0
3722,0
3723,0
3724,0
3725,0
3726,1
3727,3
3728,3
3729,3
3730,3
3731,3
3732,2
3733,2
3734,3
3735,4
3736,4
3737,4
3738,4
3739,4
3740,3
3741,3
3742,3
3743,3
3744,3
3745,3
3746,3
3747,3
3748,3
3749,4
3750,4
3751,4
3752,4
3753,3
3754,4
3755,4
3756,3
3757,3
3758,3
3759,3
3760,3
3761,4
3762,4
3763,4
3764,3
3765,4
3766,4
3767,3
3768,4
3769,5
3770,4
3771,4
3772,4
3773,4
3774,4
3775,4
3776,5
3777,4
3778,5
3779,4
3780,4
3781,5
3782,6
3783,7
3784,7
3785,8
3786,8
3787,8
3788,4
3789,5
3790,5
3791,5
3792,6
3793,6
3794,7
3795,5
3796,8
3797,9
3798,9
3799,9
3800,7
3801,8
3802,8
3803,7
3804,7
3805,7
3806,7
3807,6
3808,4
3809,6
3810,6
3811,4
3812,7
3813,8
3814,7
3815,6
3816,5
3817,7
3818,7
3819,7
3820,8
3821,8
3822,8
3823,9
3824,10
3825,10
3826,9
3827,8
3828,8
3829,7
3830,9
3831,8
3832,6
3833,7
3834,6
3835,6
3836,4
3837,6
3838,5
3839,7
3840,7
3841,6
3842,7
3843,7
3844,7
3845,5
3846,6
3847,5
3848,6
3849,5
3850,5
3851,5
3852,6
3853,5
3854,4
3855,5
3856,4
3857,5
3858,5
3859,6
3860,5
3861,4
3862,6
3863,5
3864,4
3865,4
3866,5
3867,3
3868,4
3869,3
3870,5
3871,5
3872,3
3873,3
3874,4
3875,4
3876,4
3877,3
3878,1
3879,1
3880,0
3881,0
3882,0
3883,1
3884,0
3885,1
3886,2
3887,4
3888,5
3889,6
3890,7
3891,9
3892,7
3893,8
3894,8
3895,8
3896,8
3897,8
3898,8
3899,8
3900,7
3901,9
3902,9
3903,9
3904,8
3905,8
3906,7
3907,7
3908,8
3909,6
3910,7
3911,7
3912,8
3913,8
3914,8
3915,8
3916,9
3917,9
3918,9
3919,9
3920,10
3921,10
3922,10
3923,10
3924,10
3925,10
3926,11
3927,11
3928,13
3929,11
3930,11
3931,11
3932,11
3933,11
3934,11
3935,11
3936,12
3937,12
3938,12
3939,11
3940,12
3941,12
3942,12
3943,12
3944,13
3945,14
3946,14
3947,14
3948,13
3949,13
3950,13
3951,13
3952,13
3953,14
3954,12
3955,14
3956,11
3957,10
3958,11
3959,10
3960,12
3961,12
3962,13
3963,12
3964,12
3965,11
3966,14
3967,14
3968,11
3969,13
3970,12
3971,12
3972,12
3973,12
3974,12
3975,11
3976,10
3977,10
3978,8
3979,10
3980,10
3981,9
3982,10
3983,10
3984,11
3985,10
3986,10
3987,12
3988,11
3989,11
3990,10
3991,10
3992,11
3993,11
3994,9
3995,9
3996,8
3997,10
3998,7
3999,5
4000,7
4001,8
4002,8
4003,9
4004,10
4005,10
4006,9
4007,11
4008,9
4009,12
4010,10
4011,11
4012,11
4013,11
4014,12
4015,12
4016,12
4017,10
4018,11
4019,11
4020,11
4021,11
4022,12
4023,11
4024,11
4025,12
4026,12
4027,12
4028,12
4029,11
4030,12
4031,10
4032,13
4033,10
4034,11
4035,11
4036,11
4037,9
4038,9
4039,12
4040,11
4041,9
4042,10
4043,10
4044,9
4045,9
4046,9
4047,9
4048,7
4049,9
4050,8
4051,9
4052,9
4053,11
4054,11
4055,10
4056,12
4057,12
4058,12
4059,11
4060,11
4061,11
4062,10
4063,11
4064,10
4065,10
4066,9
4067,9
4068,11
4069,10
4070,11
4071,11
4072,11
4073,12
4074,14
4075,13
4076,12
4077,12
4078,13
4079,12
4080,11
4081,11
4082,12
4083,11
4084,10
4085,9
4086,10
4087,9
4088,9
4089,13
4090,12
4091,11
4092,11
4093,11
4094,10
4095,10
4096,11
4097,11
4098,11
4099,11
4100,10
4101,12
4102,10
4103,12
4104,12
4105,13
4106,10
4107,12
4108,11
4109,12
4110,0
4111,2
4112,2
4113,3
4114,3
4115,3
4116,3
4117,3
4118,3
4119,3
4120,2
4121,2
4122,2
4123,3
4124,3
4125,3
4126,3
4127,3
4128,3
4129,3
4130,3
4131,3
4132,3
4133,3
4134,3
4135,3
4136,2
4137,3
4138,4
4139,3
4140,3
4141,3
4142,3
4143,3
4144,3
4145,2
4146,2
4147,2
4148,2
4149,2
4150,2
4151,2
4152,2
4153,2
4154,2
4155,2
4156,2
4157,2
4158,2
4159,2
4160,2
4161,2
4162,2
4163,2
4164,2
4165,2
4166,2
4167,2
4168,2
4169,2
4170,0
4171,2
4172,2
4173,2
4174,2
4175,2
4176,2
4177,2
4178,2
4179,2
4180,3
4181,3
4182,3
4183,2
4184,2
4185,3
4186,3
4187,3
4188,3
4189,2
4190,3
4191,3
4192,3
4193,3
4194,3
4195,3
4196,3
4197,3
4198,3
4199,3
4200,5
4201,3
4202,3
4203,2
4204,2
4205,3
4206,2
4207,2
4208,1
4209,2
4210,2
4211,2
4212,2
4213,2
4214,2
4215,2
4216,2
4217,3
4218,2
4219,2
4220,2
4221,3
4222,4
4223,3
4224,4
4225,4
4226,3
4227,3
4228,5
4229,3
4230,5
4231,4
4232,3
4233,3
4234,4
4235,5
4236,5
4237,3
4238,3
4239,0
4240,1
4241,1
4242,1
4243,1
4244,1
4245,0
4246,0
4247,2
4248,2
4249,2
4250,2
4251,2
4252,2
4253,2
4254,2
4255,2
4256,2
4257,2
4258,2
4259,2
4260,1
4261,0
4262,0
4263,0
4264,0
4265,0
4266,0
4267,1
4268,2
4269,0
4270,2
4271,1
4272,2
4273,2
4274,2
4275,2
4276,2
4277,2
4278,2
4279,0
4280,3
4281,4
4282,4
4283,4
4284,4
4285,3
4286,4
4287,4
4288,4
4289,3
4290,4
4291,4
4292,4
4293,3
4294,2
4295,2
4296,2
4297,2
4298,2
4299,2
4300,3
4301,2
4302,4
4303,4
4304,4
4305,4
4306,4
4307,4
4308,4
4309,4
4310,4
4311,4
4312,4
4313,4
4314,4
4315,4
4316,4
4317,4
4318,4
4319,4
4320,4
4321,4
4322,4
4323,3
4324,5
4325,4
4326,5
4327,4
4328,5
4329,5
4330,7
4331,6
4332,6
4333,6
4334,7
4335,7
4336,8
4337,8
4338,8
4339,8
4340,8
4341,7
4342,7
4343,7
4344,7
4345,7
4346,8
4347,8
4348,8
4349,7
4350,7
4351,7
4352,8
4353,7
4354,7
4355,7
4356,7
4357,7
4358,8
4359,8
4360,7
4361,7
4362,5
4363,6
4364,7
4365,7
4366,7
4367,6
4368,4
4369,5
4370,4
4371,3
4372,3
4373,3
4374,2
4375,3
4376,2
4377,5
4378,4
4379,5
4380,5
4381,7
4382,5
4383,5
4384,5
4385,5
4386,5
4387,6
4388,6
4389,6
4390,6
4391,6
4392,7
4393,7
4394,7
4395,7
4396,8
4397,9
4398,9
4399,8
4400,9
4401,8
4402,8
4403,8
4404,8
4405,8
4406,8
4407,7
4408,8
4409,8
4410,8
4411,8
4412,8
4413,9
4414,7
4415,8
4416,8
4417,8
4418,8
4419,8
4420,0
4421,0
4422,0
4423,0
4424,0
4425,0
4426,0
4427,0
4428,0
4429,0
4430,0
4431,0
4432,0
4433,0
4434,0
4435,0
4436,0
4437,0
4438,0
4439,0
4440,0
4441,0
4442,0
4443,0
4444,0
4445,0
4446,0
4447,0
4448,0
4449,0
4450,0
4451,0
4452,0
4453,0
4454,0
4455,0
4456,0
4457,0
4458,0
4459,0
4460,0
4461,0
4462,0
4463,0
4464,0
4465,0
4466,0
4467,0
4468,0
4469,0
4470,0
4471,0
4472,0
4473,0
4474,0
4475,0
4476,0
4477,0
4478,0
4479,0
4480,0
4481,0
4482,0
4483,0
4484,0
4485,0
4486,0
4487,0
4488,0
4489,0
4490,0
4491,0
4492,0
4493,0
4494,0
4495,0
4496,0
4497,0
4498,0
4499,0
4500,0
4501,0
4502,0
4503,0
4504,0
4505,0
4506,0
4507,0
4508,0
4509,0
4510,0
4511,0
4512,0
4513,0
4514,0
4515,0
4516,0
4517,0
4518,0
4519,0
4520,0
4521,0
4522,0
4523,0
4524,0
4525,0
4526,0
4527,0
4528,0
4529,0
4530,0
4531,0
4532,0
4533,0
4534,0
4535,0
4536,0
4537,0
4538,0
4539,0
4540,0
4541,0
4542,0
4543,0
4544,0
4545,0
4546,0
4547,0
4548,0
4549,0
4550,0
4551,0
4552,0
4553,0
4554,0
4555,0
4556,0
4557,0
4558,0
4559,0
4560,0
4561,0
4562,0
4563,0
4564,0
4565,0
4566,0
4567,0
4568,0
4569,0
4570,0
4571,0
4572,0
4573,0
4574,0
4575,0
4576,0
4577,0
4578,0
4579,0
4580,0
4581,0
4582,0
4583,0
4584,0
4585,0
4586,0
4587,0
4588,0
4589,0
4590,0
4591,0
4592,0
4593,0
4594,0
4595,0
4596,0
4597,0
4598,0
4599,0
4600,0
4601,0
4602,0
4603,0
4604,0
4605,0
4606,0
4607,0
4608,0
4609,0
4610,0
4611,0
4612,0
4613,0
4614,0
4615,0
4616,0
4617,0
4618,0
4619,0
4620,0
4621,0
4622,0
4623,0
4624,0
4625,0
4626,0
4627,0
4628,0
4629,0
4630,0
4631,0
4632,0
4633,0
4634,0
4635,0
4636,0
4637,0
4638,0
4639,0
4640,0
4641,0
4642,0
4643,0
4644,0
4645,0
4646,0
4647,0
4648,0
4649,0
4650,0
4651,0
4652,0
4653,0
4654,0
4655,0
4656,0
4657,0
4658,0
4659,0
4660,0
